,_Experiment,Observed Frameshift Frequency,Sequence,Left_seq,Right_seq
0,overbeek_spacer_1,0.756391380002676,AGGCCAGCAGGCTGATGTAGTCACTCTTGAGGGCCAGCGTCCAGATGCCCACTGC,CAGGCTGATGTAGTCACTCT,TGAGGGCCAGCGTCCAGATG
1,overbeek_spacer_10,0.763288911239626,CAATGTTCACGCAACTTGAAATTATATCTGTGGTCTTCAAATTGTCTTTTGTCAT,CACGCAACTTGAAATTATAT,CTGTGGTCTTCAAATTGTCT
2,overbeek_spacer_12,0.930912370961814,GTCACTTAGGATAGGAGAAGATGATGTATAGGGTTTAGTGGGAGATGTTGCAAGG,AGGATAGGAGAAGATGATGT,ATAGGGTTTAGTGGGAGATG
3,overbeek_spacer_13,0.797082701886661,ACTTTTAATAGCATACAGTGATTTGATGAAAGGACGTCAAACAATGTGGCGATGT,ATAGCATACAGTGATTTGAT,GAAAGGACGTCAAACAATGT
4,overbeek_spacer_14,0.2367688022284117,CTGGGATGGTGGGGGCCCTCCTCTTGCTGCTGGTGGTGGCCCTGGGGATCGGCCT,GGTGGGGGCCCTCCTCTTGC,TGCTGGTGGTGGCCCTGGGG
5,overbeek_spacer_15,0.577608011149537,TAGAGAGGGTGAAAATCATCAGTTATCATCAGGGCAACAAATTGCTTTCTCCTAG,GGTGAAAATCATCAGTTATC,ATCAGGGCAACAAATTGCTT
6,overbeek_spacer_16,0.40322223452552197,AGCTTCTGGGTTCATGAGTCTTGACAACAACGGTACTGCTACCCCAGAGTTACCT,GGGTTCATGAGTCTTGACAA,CAACGGTACTGCTACCCCAG
7,overbeek_spacer_17,0.34266357639507805,ACATCCTGGTGGTGGCGGGCACTGTCGTCATGGTGACTGGGGTCTTGGGCTGCTG,GGTGGTGGCGGGCACTGTCG,TCATGGTGACTGGGGTCTTG
8,overbeek_spacer_18,0.800940282084624,CCCCATGGCAATGACAGTGCCAAAGCCAGCCGGGCCAGGACCAAAGCCGGTGATC,GCAATGACAGTGCCAAAGCC,AGCCGGGCCAGGACCAAAGC
9,overbeek_spacer_19,0.8894939401198949,ACCTATGAGCACAGTAGAACTAAGGGTGGGTGGTGTAGCTAAAGAACTTGACCAA,AGCACAGTAGAACTAAGGGT,GGGTGGTGTAGCTAAAGAAC
10,overbeek_spacer_20,0.924433664903474,CTACCCTCGGCCGCCGTCCAAGACCTACCGAGGAGCTTTCCAGAATCTGTTCCAG,CGGCCGCCGTCCAAGACCTA,CCGAGGAGCTTTCCAGAATC
11,overbeek_spacer_21,0.839859514121555,ATGTTGGACAGGGCTGTCAGGTCCTTGGGGTGGATAAGCGTGATGTTGAACTCGG,ACAGGGCTGTCAGGTCCTTG,GGGTGGATAAGCGTGATGTT
12,overbeek_spacer_22,0.8742090609972151,CGTGGGCTTTACCATGAGTAACTCCATTCCTGGTATAGAATCCCCATTTGAACAA,TTTACCATGAGTAACTCCAT,TCCTGGTATAGAATCCCCAT
13,overbeek_spacer_23,0.7390912165971351,CTTCCATGAAGGAGGTAGAGATTCATGTCAAGGAGATAGTGGGGGACCCCATGTT,GAAGGAGGTAGAGATTCATG,TCAAGGAGATAGTGGGGGAC
14,overbeek_spacer_24,0.809479348278897,TTCAACTTTAGAACGAATACAGAAAAGTAAAGGACGTGCAGAAAAAATCAGACAC,TTAGAACGAATACAGAAAAG,TAAAGGACGTGCAGAAAAAA
15,overbeek_spacer_25,0.799781806847108,GAGTAGTCAGATCCGTGGCCCATCATGTCTTGGAAACGTTTTTGTCCCTGCTGCC,CAGATCCGTGGCCCATCATG,TCTTGGAAACGTTTTTGTCC
16,overbeek_spacer_26,0.841068857457439,ACTCGCTTCCGGTGGACAAGCGGCAGATAGCGGAAAGAGCCGCTTCGTTTCCTGC,TCCGGTGGACAAGCGGCAGA,TAGCGGAAAGAGCCGCTTCG
17,overbeek_spacer_28,0.802195208308744,CTCTGCTGGAACTGACACGCAGACATTCAGCGGCTCCGCCGCCAATGCAAAACTC,GGAACTGACACGCAGACATT,CAGCGGCTCCGCCGCCAATG
18,overbeek_spacer_29,0.8914963519221739,CAGGGGCTTCCGAAGCTGGAATCTGCTCTCTGGAGGCAAGGCTGCCCAAACAGCC,TTCCGAAGCTGGAATCTGCT,CTCTGGAGGCAAGGCTGCCC
19,overbeek_spacer_3,0.73581115017579,GCCACTACACAGATGCAGGCTGCAGATGCCCGGAAGTCCTTCCCATGCTTCGATG,CACAGATGCAGGCTGCAGAT,GCCCGGAAGTCCTTCCCATG
20,overbeek_spacer_30,0.8781876956231711,TGACCCTTGGGACCAGCCGGGGCAGTGAAGCGGAGGTCTTTCTCTGCAGAAGGCC,TGGGACCAGCCGGGGCAGTG,AAGCGGAGGTCTTTCTCTGC
21,overbeek_spacer_32,0.5122146011462929,GGATGCTGAGGAGTATCTGGTACCCCAGCAGGGCTTCTTCTGTCCAGACCCTGCC,GAGGAGTATCTGGTACCCCA,GCAGGGCTTCTTCTGTCCAG
22,overbeek_spacer_33,0.587475583688054,GGTTCGGGGGCTGGGCAGGCGACCCGCCGCAGGTCCCCGGGAGGGGCGAACGGGC,GGGCTGGGCAGGCGACCCGC,CGCAGGTCCCCGGGAGGGGC
23,overbeek_spacer_34,0.52346276359903,AGTACTCGGGGTTCTCCACGGCACCCCCAAAGGCAAAAACGTCTTTGACGACCCC,GGGGTTCTCCACGGCACCCC,CAAAGGCAAAAACGTCTTTG
24,overbeek_spacer_35,0.6249652681300351,GGGTGCGGAAGAGAAAGAATACCATGCAGAAGGAGGCAAAGTAAGGAGGTGGCTT,GAAGAGAAAGAATACCATGC,AGAAGGAGGCAAAGTAAGGA
25,overbeek_spacer_36,0.687986585219786,GCGCCTCCGCCTCCTCCTCTGCTCCGCCACCGGCTTCCTCCTCCTGAGCAGTCAG,CGCCTCCTCCTCTGCTCCGC,CACCGGCTTCCTCCTCCTGA
26,overbeek_spacer_37,0.757595948827291,CGGGCTGACTGCTCAGGAGGAGGAAGCCGGTGGCGGAGCAGAGGAGGAGGCGGAG,ACTGCTCAGGAGGAGGAAGC,CGGTGGCGGAGCAGAGGAGG
27,overbeek_spacer_38,0.764702059912924,CGCGCCCAGGGCTGAGGAGGGGTCGCGGCGAGGACAGCCGGGACTGGGCGCAGGC,AGGGCTGAGGAGGGGTCGCG,GCGAGGACAGCCGGGACTGG
28,overbeek_spacer_39,0.7404940043046,ATTTCTCCCTCAAGCTGTTTGCCAAAGAGGTGGCTCCAGTGCCCAAAATCCACTA,CCTCAAGCTGTTTGCCAAAG,AGGTGGCTCCAGTGCCCAAA
29,overbeek_spacer_4,0.7500210406343429,AGTCCCAGCAGGCCCTCGGCGGCGGCTCCCAGGGAGCGTCCCGGAACCGGGGCGG,GCAGGCCCTCGGCGGCGGCT,CCCAGGGAGCGTCCCGGAAC
30,overbeek_spacer_40,0.681314067542484,AGGTCGCGGTGCACGCAGCGGCGGGAGCCCAGGTACTCCATGCCCTGCGGGCGGG,GGTGCACGCAGCGGCGGGAG,CCCAGGTACTCCATGCCCTG
31,overbeek_spacer_41,0.673277215009273,AGCAGCTGCCGGCCCCCAAGTGGACAGAGCTGGCCCTGCTGATTCAACAGTGCAT,GCCGGCCCCCAAGTGGACAG,AGCTGGCCCTGCTGATTCAA
32,overbeek_spacer_43,0.704427282705795,CGCAGGATCCGGAAGGGCTAGGCGGGGGCGCGGCGGTGCAGCCTCTCCCGAGCGC,TCCGGAAGGGCTAGGCGGGG,GCGCGGCGGTGCAGCCTCTC
33,overbeek_spacer_44,0.610781823313575,GTCATATAACGCAAATAACCTTCTGTGTCATGGCTTGGCTAATAAGCATGCAATT,AACGCAAATAACCTTCTGTG,TCATGGCTTGGCTAATAAGC
34,overbeek_spacer_45,0.6159491064798099,CAGTTCGTCAGCACCAAGTCTGAGTGGACCAGGATAGGAGGGAGCCCCAAGTTCC,TCAGCACCAAGTCTGAGTGG,ACCAGGATAGGAGGGAGCCC
35,overbeek_spacer_46,0.659193954659949,GGCATATGGAGCAGGACTCCTTTCCTCCATTGGAGAATTAAAGGTATGAAGCTGT,GGAGCAGGACTCCTTTCCTC,CATTGGAGAATTAAAGGTAT
36,overbeek_spacer_47,0.722683321564884,CTGTGGCACTGCTGCGCCTCTGCTGCGCCTCGGGTGTCTTTTGCGGCGGTGGGTC,ACTGCTGCGCCTCTGCTGCG,CCTCGGGTGTCTTTTGCGGC
37,overbeek_spacer_48,0.833733006806053,TATTGGAGTTGAAGCCAGCTGATTATAAGATGGTTTCCTTTGTGGAGTTTTAAAT,GTTGAAGCCAGCTGATTATA,AGATGGTTTCCTTTGTGGAG
38,overbeek_spacer_49,0.70416904625928,CTTACTCCGGCCAAAAAAGAACTGCACCTCTGGAGCGGGTTAGTGGTGGTGGTAG,CGGCCAAAAAAGAACTGCAC,CTCTGGAGCGGGTTAGTGGT
39,overbeek_spacer_5,0.7028953161778769,GGAAGCCAGCACAGAACATGTTGTTATAGATGGTGAACTTTGTAGATCGAAGACA,AGCACAGAACATGTTGTTAT,AGATGGTGAACTTTGTAGAT
40,overbeek_spacer_50,0.598201334493762,TTGTCAGTGAGTTCGACTACGTGGAGAAGCAGGCATCCAATGGTGTCTTGGTATG,TGAGTTCGACTACGTGGAGA,AGCAGGCATCCAATGGTGTC
41,overbeek_spacer_51,0.718169669600478,CCGGAAGAAGCGACCAAAGCGCCTGAGGACCGGCAACATGGTGCGGTCGGGGAAT,AAGCGACCAAAGCGCCTGAG,GACCGGCAACATGGTGCGGT
42,overbeek_spacer_52,0.7601138191265611,CAGGCACCTACCTGGCCACAGCCTACATCCTGGTGGTGGCGGGCACTGTCGTCAT,CTACCTGGCCACAGCCTACA,TCCTGGTGGTGGCGGGCACT
43,overbeek_spacer_53,0.759012986847416,TGGTACAGATGGCACTGACAATCCCCTTTCTGGTGGGGATCAGTATCAGAACATC,GATGGCACTGACAATCCCCT,TTCTGGTGGGGATCAGTATC
44,overbeek_spacer_54,0.7999569954128429,GTGCTAAAATGAGGAGCTCCAAGAAGACTGAGGTGAACCTGGAGGCCCCTGAGCC,AATGAGGAGCTCCAAGAAGA,CTGAGGTGAACCTGGAGGCC
45,overbeek_spacer_55,0.843500303080398,AGAAGGCAGCGAAGAAGACAAATCACAAACTGGTGTGAATAGAGCCAGCAAAGGA,AGCGAAGAAGACAAATCACA,AACTGGTGTGAATAGAGCCA
46,overbeek_spacer_56,0.7541184717840861,CCGGGCGGAGGGGGCGGGAAGAGCGCGTCCTGGCCAAGCCGAGTAGTGTCTTCCA,GAGGGGGCGGGAAGAGCGCG,TCCTGGCCAAGCCGAGTAGT
47,overbeek_spacer_58,0.723573037927148,GAAATTGTTCCTCGTCTGATAAGACAACAGTGGAGAGTATGCATTTATTTATTTA,TTCCTCGTCTGATAAGACAA,CAGTGGAGAGTATGCATTTA
48,overbeek_spacer_59,0.804245835273997,ACAAACTGGTGTGAATAGAGCCAGCAAAGGAGGTCTTATCTATGGGAACTACCTG,GGTGTGAATAGAGCCAGCAA,AGGAGGTCTTATCTATGGGA
49,overbeek_spacer_6,0.78500397772474,ACGCTCTGGAACAGATTCTGGAAAGCTCCTCGGTAGGTCTTGGACGGCGGCCGAG,GGAACAGATTCTGGAAAGCT,CCTCGGTAGGTCTTGGACGG
50,overbeek_spacer_60,0.6647272727272711,CACGCACGCAGACTCGCAGACGCCCTCTGCTGGAACTGACACGCAGACATTCAGC,GCAGACTCGCAGACGCCCTC,TGCTGGAACTGACACGCAGA
51,overbeek_spacer_61,0.7332697504371319,CATGCGTGGATTGTCGTCTTCTGTCCAAGTTGGTCGCTTCCCTGCGCCAAAGGTA,GGATTGTCGTCTTCTGTCCA,AGTTGGTCGCTTCCCTGCGC
52,overbeek_spacer_62,0.773287077189938,AGGCGCAGCAGAGGCGCAGCAGTGCCACAGCGGCTCCGCCTCTGCCGCCTAGTTT,GCAGAGGCGCAGCAGTGCCA,CAGCGGCTCCGCCTCTGCCG
53,overbeek_spacer_63,0.807624633431084,CTAGGTGAACGGCCATGGCGGGCTGGATCCAGGCCCAGCAGCTGCAGGGAGACGC,AACGGCCATGGCGGGCTGGA,TCCAGGCCCAGCAGCTGCAG
54,overbeek_spacer_64,0.747340425531914,CCTGTGTCTGGAGCCAAGATGGGGCTCTGCAGGACACTTCCTGCCAAGTCCATGC,CTGGAGCCAAGATGGGGCTC,TGCAGGACACTTCCTGCCAA
55,overbeek_spacer_65,0.671555555555555,TTTGGAAAGGGGGTGGGGGGAGTTTGCTCCTGGACCCCCTATTTCTGACCTCCCA,AGGGGGTGGGGGGAGTTTGC,TCCTGGACCCCCTATTTCTG
56,overbeek_spacer_66,0.6260686012914249,AGGTGGCACCGCCGAGGCTGCTGGAGGAAGTGGCCGAGCAGTGCCACGGCCCCAT,ACCGCCGAGGCTGCTGGAGG,AAGTGGCCGAGCAGTGCCAC
57,overbeek_spacer_68,0.568145158497711,CGCCGCCAATGCAAAACTCAACCCTACCCCAGGCAGCAATGCTATCTCAGGTTTG,AATGCAAAACTCAACCCTAC,CCCAGGCAGCAATGCTATCT
58,overbeek_spacer_69,0.499999999999999,CAGCAGGTATGAATCCATCTTCCTGACCCTTGGGACCAGCCGGGGCAGTGAAGCG,TATGAATCCATCTTCCTGAC,CCTTGGGACCAGCCGGGGCA
59,overbeek_spacer_7,0.815169445938676,CATGTGGCTCGGTCAACAAGTGGAACTCTAAGGTACTGAAGAACTAAAGCTGATC,CTCGGTCAACAAGTGGAACT,CTAAGGTACTGAAGAACTAA
60,overbeek_spacer_70,0.59795129515543,GCATGAACTGCTAGGTGATGATGTCAGATTCGGTTTTACTAACTTCTCCAAAAAT,CTGCTAGGTGATGATGTCAG,ATTCGGTTTTACTAACTTCT
61,overbeek_spacer_71,0.612419540838122,GACCCTGAGGGAGCAGAGATGTGGGAATGGGGGCCGAGCCAATTGTGATGTAAGT,AGGGAGCAGAGATGTGGGAA,TGGGGGCCGAGCCAATTGTG
62,overbeek_spacer_72,0.65837104072398,CAGGATCAGGGGGACTGGGGTCGGGAGGGTGGGGCAGGAAGGAAGCCAGAATCAG,AGGGGGACTGGGGTCGGGAG,GGTGGGGCAGGAAGGAAGCC
63,overbeek_spacer_73,0.565037284545827,ATTTTTGAATGAGAAAGCTGGAGAAGGGGGAGGAGTGATCCAGGTAAGGTGGGAG,AATGAGAAAGCTGGAGAAGG,GGGAGGAGTGATCCAGGTAA
64,overbeek_spacer_74,0.784002229654403,CTTACCTTTGGCGCAGGGAAGCGACCAACTTGGACAGAAGACGACAATCCACGCA,TTGGCGCAGGGAAGCGACCA,ACTTGGACAGAAGACGACAA
65,overbeek_spacer_75,0.8248547478600241,CCTCATGGAAGAAGAGGGGGAGAGAGTTACAGGTTGGACATGATGCACACTATGG,GAAGAAGAGGGGGAGAGAGT,TACAGGTTGGACATGATGCA
66,overbeek_spacer_76,0.751901592583788,AGATATCATGGTGGAAGAGTTTGTGGAAGGGGGTCCTCTGGATCTCTTCATGCAC,ATGGTGGAAGAGTTTGTGGA,AGGGGGTCCTCTGGATCTCT
67,overbeek_spacer_77,0.785718582686638,GATGAGTTGCAGTTCCCAGCTGCACGCCTCGGGAAGCGCCGCACTCTCCTTAGGG,TGCAGTTCCCAGCTGCACGC,CTCGGGAAGCGCCGCACTCT
68,overbeek_spacer_78,0.755760006290791,GGAAATGCAAGAAGAGGGAAACGTGTGGCTTGGAGTTTCAAGAAGAGTGACTGTC,CAAGAAGAGGGAAACGTGTG,GCTTGGAGTTTCAAGAAGAG
69,overbeek_spacer_79,0.853699649508658,AGCATGTCCAGGTGGGTCTCGGGACTGGCAGGGAGCCGCAGCTTCATGTCTGTGC,CCAGGTGGGTCTCGGGACTG,GCAGGGAGCCGCAGCTTCAT
70,overbeek_spacer_8,0.822975015559704,CACTCCCGCCGGAGTATTTCAGGGGCTCTTGGGAAACTCCTTCATACATCAGCCC,GCCGGAGTATTTCAGGGGCT,CTTGGGAAACTCCTTCATAC
71,overbeek_spacer_80,0.685913348619861,ATCAGGACGAGAATGAGGGTCCTTTGGGAAAGGAGAAGTTAAGCAACATCTAGCA,CGAGAATGAGGGTCCTTTGG,GAAAGGAGAAGTTAAGCAAC
72,overbeek_spacer_82,0.842935005567601,CCGCGCGCAGCGGCCAGAGACCGAGCCCTAAGGAGAGTGCGGCGCTTCCCGAGGC,CAGCGGCCAGAGACCGAGCC,CTAAGGAGAGTGCGGCGCTT
73,overbeek_spacer_83,0.73370143352037,CAGCACACTGGTTGTGGCAGCAGTCACTGGGGGACTTGCCACGGCAGCGCCCGGA,CTGGTTGTGGCAGCAGTCAC,TGGGGGACTTGCCACGGCAG
74,overbeek_spacer_84,0.7797586315690921,AACTGTTCAACAACAGCAGCAGCCACCTGGAGGACTACAGTGGCCTGTCCGTGTC,CAACAACAGCAGCAGCCACC,TGGAGGACTACAGTGGCCTG
75,overbeek_spacer_85,0.7641004528612589,TGGAGCCCCTGGAGCCAGCCCCTGGCCTTCAGGACAAAGCCTGCAGGTACTGGTG,CCTGGAGCCAGCCCCTGGCC,TTCAGGACAAAGCCTGCAGG
76,overbeek_spacer_86,0.862868676388689,CCCTGGTTGGTCCCAAAGGCGGAGGGCGTTAGGAGGGAGGCTGGGTTGCCGCCGT,TGGTCCCAAAGGCGGAGGGC,GTTAGGAGGGAGGCTGGGTT
77,overbeek_spacer_88,0.5606595579408225,GGAAGGGCCTGAGTCCGAGCAGAAGAAGAAGGGCTCCCATCACATCAACCGGTGG,CCTGAGTCCGAGCAGAAGAA,GAAGGGCTCCCATCACATCA
78,overbeek_spacer_89,0.8804796802131909,CCTTCTTCGAGGCAGCCAGCATGATGAGACAGGTCTCCCACAAACACATCGTGTA,CGAGGCAGCCAGCATGATGA,GACAGGTCTCCCACAAACAC
79,overbeek_spacer_9,0.7696004806248109,ATGGTCCTCTGGGAGGGCTGTGCTGCTAGTGGGTACCTCAGTCACACACCCCCAA,TCTGGGAGGGCTGTGCTGCT,AGTGGGTACCTCAGTCACAC
80,overbeek_spacer_92,0.865055730045884,CCCGAGCCAGGAACTGTGTGTGTTGCAGGGGGGCAGTAACTCCCCAACTCCCTCG,CAGGAACTGTGTGTGTTGCA,GGGGGGCAGTAACTCCCCAA
81,overbeek_spacer_93,0.814122625292016,AGGCCATGGAGGGCTGAGAGAGGGACAAGTCGGAACCATTTTAAAGCTCAGCCCC,GGAGGGCTGAGAGAGGGACA,AGTCGGAACCATTTTAAAGC
82,overbeek_spacer_94,0.8238526179702641,AGCAGGGACAAAAACGTTTCCAAGACATGATGGGCCACGGATCTGACTACTCACT,ACAAAAACGTTTCCAAGACA,TGATGGGCCACGGATCTGAC
83,overbeek_spacer_95,0.55850657615613,CGGGCGCGTGCCACGCCCGCGGGGTGAAGTCGGAGCGCGGGGCCTGCTGGAGAGA,GTGCCACGCCCGCGGGGTGA,AGTCGGAGCGCGGGGCCTGC
